investor,import,trade,share,gain,stock,risk,bank,earn
0.09739810970148749,0.040075572086150583,0.02517351441349846,0.008422320683965527,0.006871458299472836,0.0068893620379302,0.24998550111589923,0.1767715879819184,0.011380815545291918
0.040075572086150583,0.02355101796716846,0.01446860541297903,0.030119269780996667,0.025637987073801726,0.024725951258564312,0.09204373393284403,0.09488240901082169,0.046378121717285864
0.02517351441349846,0.01446860541297903,0.008899283294808115,0.017692754344482843,0.015054706972753145,0.014524124672758229,0.058315145794353145,0.05858117702671889,0.027213507487901564
0.008422320683965527,0.030119269780996667,0.017692754344482843,0.10133430271797124,0.08669400532576667,0.08322522748229233,-0.0192072175158806,0.09888350727109764,0.15836512025017507
0.006871458299472836,0.025637987073801726,0.015054706972753145,0.08669400532576667,0.07417002233531812,0.07120133918893486,-0.017301345171195207,0.08401501936671524,0.13549143647772988
0.0068893620379302,0.024725951258564312,0.014524124672758229,0.08322522748229233,0.07120133918893486,0.06835236554413049,-0.015847191901176755,0.08116388206721616,0.13006479322744216
0.24998550111589923,0.09204373393284403,0.058315145794353145,-0.0192072175158806,-0.017301345171195207,-0.015847191901176755,0.6581876081611927,0.41978584571761357,-0.034652188365399184
0.1767715879819184,0.09488240901082169,0.05858117702671889,0.09888350727109764,0.08401501936671524,0.08116388206721616,0.41978584571761357,0.3902940641399843,0.15142958147585503
0.011380815545291918,0.046378121717285864,0.027213507487901564,0.15836512025017507,0.13549143647772988,0.13006479322744216,-0.034652188365399184,0.15142958147585503,0.24752563379736725
